Pool name,Sequence
paired_positiveSel_Omicron_BA.2_oPool_fw_primers, CCACAGATTATCACCNNCNNGAACACCTTTGTGTCTGG
paired_positiveSel_Omicron_BA.2_oPool_fw_primers, CCACAGATTATCACCNNGNNGAACACCTTTGTGTCTGG
paired_positiveSel_Omicron_BA.2_oPool_fw_primers, CCACAGATTATCACCNNGNNCAACACCTTTGTGTCTGG
paired_positiveSel_Omicron_BA.2_oPool_fw_primers, GCCACTGGTGNNCNNCCAGTGTGTGAA
paired_positiveSel_Omicron_BA.2_oPool_fw_primers, GCCACTGGTGNNCNNGCAGTGTGTGAA
paired_positiveSel_Omicron_BA.2_oPool_fw_primers, GCCACTGGTGNNGNNGCAGTGTGTGAA
paired_positiveSel_Omicron_BA.2_oPool_fw_primers, GCCACTGGTGNNGNNCCAGTGTGTGAA
paired_positiveSel_Omicron_BA.2_oPool_fw_primers, AGTTCTGTAATNNCCCATTCCTGNNCGTCTACTACCAC
paired_positiveSel_Omicron_BA.2_oPool_fw_primers, AGTTCTGTAATNNCCCATTCCTGNNGGTCTACTACCAC
paired_positiveSel_Omicron_BA.2_oPool_fw_primers, AGTTCTGTAATNNGCCATTCCTGNNGGTCTACTACCAC
paired_positiveSel_Omicron_BA.2_oPool_fw_primers, AGTTCTGTAATNNGCCATTCCTGNNCGTCTACTACCAC
paired_positiveSel_Omicron_BA.2_oPool_fw_primers, TCTGTAATNNCCCATTCCTGGACGTCNNCTACCACAAG
paired_positiveSel_Omicron_BA.2_oPool_fw_primers, TCTGTAATNNCCCATTCCTGGACGTCNNGTACCACAAG
paired_positiveSel_Omicron_BA.2_oPool_fw_primers, TCTGTAATNNGCCATTCCTGGACGTCNNGTACCACAAG
paired_positiveSel_Omicron_BA.2_oPool_fw_primers, TCTGTAATNNGCCATTCCTGGACGTCNNCTACCACAAG
paired_positiveSel_Omicron_BA.2_oPool_fw_primers, TGACCCATTCCTGNNCGTCNNCTACCACAAGAACAA
paired_positiveSel_Omicron_BA.2_oPool_fw_primers, TGACCCATTCCTGNNCGTCNNGTACCACAAGAACAA
paired_positiveSel_Omicron_BA.2_oPool_fw_primers, TGACCCATTCCTGNNGGTCNNGTACCACAAGAACAA
paired_positiveSel_Omicron_BA.2_oPool_fw_primers, TGACCCATTCCTGNNGGTCNNCTACCACAAGAACAA
paired_positiveSel_Omicron_BA.2_oPool_fw_primers, CCAACCATTCNNCATGNNCTTGGAGGGCAAG
paired_positiveSel_Omicron_BA.2_oPool_fw_primers, CCAACCATTCNNCATGNNGTTGGAGGGCAAG
paired_positiveSel_Omicron_BA.2_oPool_fw_primers, CCAACCATTCNNGATGNNGTTGGAGGGCAAG
paired_positiveSel_Omicron_BA.2_oPool_fw_primers, CCAACCATTCNNGATGNNCTTGGAGGGCAAG
paired_positiveSel_Omicron_BA.2_oPool_fw_primers, CCAGTGTGTGAACNNCNNCACCAGGACCCAAAG
paired_positiveSel_Omicron_BA.2_oPool_fw_primers, CCAGTGTGTGAACNNCNNGACCAGGACCCAAAG
paired_positiveSel_Omicron_BA.2_oPool_fw_primers, CCAGTGTGTGAACNNGNNGACCAGGACCCAAAG
paired_positiveSel_Omicron_BA.2_oPool_fw_primers, CCAGTGTGTGAACNNGNNCACCAGGACCCAAAG
paired_positiveSel_Omicron_BA.2_oPool_fw_primers, TCAACCTGNNCAGGNNCCTGCCACAGG
paired_positiveSel_Omicron_BA.2_oPool_fw_primers, TCAACCTGNNCAGGNNGCTGCCACAGG
paired_positiveSel_Omicron_BA.2_oPool_fw_primers, TCAACCTGNNGAGGNNGCTGCCACAGG
paired_positiveSel_Omicron_BA.2_oPool_fw_primers, TCAACCTGNNGAGGNNCCTGCCACAGG
paired_positiveSel_Omicron_BA.2_oPool_fw_primers, CCAGGACCCAANNCTACNNCAACTCCTTCACC
paired_positiveSel_Omicron_BA.2_oPool_fw_primers, CCAGGACCCAANNCTACNNGAACTCCTTCACC
paired_positiveSel_Omicron_BA.2_oPool_fw_primers, CCAGGACCCAANNGTACNNGAACTCCTTCACC
paired_positiveSel_Omicron_BA.2_oPool_fw_primers, CCAGGACCCAANNGTACNNCAACTCCTTCACC
paired_positiveSel_Omicron_BA.2_oPool_fw_primers, GACACCTGGANNCNNCTCCTCTGGCTGG
paired_positiveSel_Omicron_BA.2_oPool_fw_primers, GACACCTGGANNCNNGTCCTCTGGCTGG
paired_positiveSel_Omicron_BA.2_oPool_fw_primers, GACACCTGGANNGNNGTCCTCTGGCTGG
paired_positiveSel_Omicron_BA.2_oPool_fw_primers, GACACCTGGANNGNNCTCCTCTGGCTGG
paired_positiveSel_Omicron_BA.2_oPool_fw_primers, ACACCTGGANNCTCCNNCTCTGGCTGGA
paired_positiveSel_Omicron_BA.2_oPool_fw_primers, ACACCTGGANNCTCCNNGTCTGGCTGGA
paired_positiveSel_Omicron_BA.2_oPool_fw_primers, ACACCTGGANNGTCCNNGTCTGGCTGGA
paired_positiveSel_Omicron_BA.2_oPool_fw_primers, ACACCTGGANNGTCCNNCTCTGGCTGGA
paired_positiveSel_Omicron_BA.2_oPool_fw_primers, ACCTGGAGACNNCNNCTCTGGCTGGACA
paired_positiveSel_Omicron_BA.2_oPool_fw_primers, ACCTGGAGACNNCNNGTCTGGCTGGACA
paired_positiveSel_Omicron_BA.2_oPool_fw_primers, ACCTGGAGACNNGNNGTCTGGCTGGACA
paired_positiveSel_Omicron_BA.2_oPool_fw_primers, ACCTGGAGACNNGNNCTCTGGCTGGACA
paired_positiveSel_Omicron_BA.2_oPool_fw_primers, CTGGAGACNNCTCCTCTNNCTGGACAGCA
paired_positiveSel_Omicron_BA.2_oPool_fw_primers, CTGGAGACNNCTCCTCTNNGTGGACAGCA
paired_positiveSel_Omicron_BA.2_oPool_fw_primers, CTGGAGACNNGTCCTCTNNGTGGACAGCA
paired_positiveSel_Omicron_BA.2_oPool_fw_primers, CTGGAGACNNGTCCTCTNNCTGGACAGCA
paired_positiveSel_Omicron_BA.2_oPool_fw_primers, GGAGACTCCNNCTCTNNCTGGACAGCAG
paired_positiveSel_Omicron_BA.2_oPool_fw_primers, GGAGACTCCNNCTCTNNGTGGACAGCAG
paired_positiveSel_Omicron_BA.2_oPool_fw_primers, GGAGACTCCNNGTCTNNGTGGACAGCAG
paired_positiveSel_Omicron_BA.2_oPool_fw_primers, GGAGACTCCNNGTCTNNCTGGACAGCAG
paired_positiveSel_Omicron_BA.2_oPool_fw_primers, GCTGGACAGCANNCNNCGCAGCCTACTAT
paired_positiveSel_Omicron_BA.2_oPool_fw_primers, GCTGGACAGCANNCNNGGCAGCCTACTAT
paired_positiveSel_Omicron_BA.2_oPool_fw_primers, GCTGGACAGCANNGNNGGCAGCCTACTAT
paired_positiveSel_Omicron_BA.2_oPool_fw_primers, GCTGGACAGCANNGNNCGCAGCCTACTAT
paired_positiveSel_Omicron_BA.2_oPool_fw_primers, GCTCTACAACNNCGCCNNCTTCTTCGCCTT
paired_positiveSel_Omicron_BA.2_oPool_fw_primers, GCTCTACAACNNCGCCNNGTTCTTCGCCTT
paired_positiveSel_Omicron_BA.2_oPool_fw_primers, GCTCTACAACNNGGCCNNGTTCTTCGCCTT
paired_positiveSel_Omicron_BA.2_oPool_fw_primers, GCTCTACAACNNGGCCNNCTTCTTCGCCTT
paired_positiveSel_Omicron_BA.2_oPool_fw_primers, AACTTCGCCNNCTTCNNCGCCTTCAAGTG
paired_positiveSel_Omicron_BA.2_oPool_fw_primers, AACTTCGCCNNCTTCNNGGCCTTCAAGTG
paired_positiveSel_Omicron_BA.2_oPool_fw_primers, AACTTCGCCNNGTTCNNGGCCTTCAAGTG
paired_positiveSel_Omicron_BA.2_oPool_fw_primers, AACTTCGCCNNGTTCNNCGCCTTCAAGTG
paired_positiveSel_Omicron_BA.2_oPool_fw_primers, ACTTCGCCNNCTTCTTCNNCTTCAAGTGT
paired_positiveSel_Omicron_BA.2_oPool_fw_primers, ACTTCGCCNNCTTCTTCNNGTTCAAGTGT
paired_positiveSel_Omicron_BA.2_oPool_fw_primers, ACTTCGCCNNGTTCTTCNNGTTCAAGTGT
paired_positiveSel_Omicron_BA.2_oPool_fw_primers, ACTTCGCCNNGTTCTTCNNCTTCAAGTGT
paired_positiveSel_Omicron_BA.2_oPool_fw_primers, TTCGCCCCCTTCNNCNNCTTCAAGTGTTATGG
paired_positiveSel_Omicron_BA.2_oPool_fw_primers, TTCGCCCCCTTCNNCNNGTTCAAGTGTTATGG
paired_positiveSel_Omicron_BA.2_oPool_fw_primers, TTCGCCCCCTTCNNGNNGTTCAAGTGTTATGG
paired_positiveSel_Omicron_BA.2_oPool_fw_primers, TTCGCCCCCTTCNNGNNCTTCAAGTGTTATGG
paired_positiveSel_Omicron_BA.2_oPool_fw_primers, TTAGGGGANNCGAGGTGNNCCAGATTGCCC
paired_positiveSel_Omicron_BA.2_oPool_fw_primers, TTAGGGGANNCGAGGTGNNGCAGATTGCCC
paired_positiveSel_Omicron_BA.2_oPool_fw_primers, TTAGGGGANNGGAGGTGNNGCAGATTGCCC
paired_positiveSel_Omicron_BA.2_oPool_fw_primers, TTAGGGGANNGGAGGTGNNCCAGATTGCCC
paired_positiveSel_Omicron_BA.2_oPool_fw_primers, CCTGGAACAGCNNCNNCCTGGACAGCAAGG
paired_positiveSel_Omicron_BA.2_oPool_fw_primers, CCTGGAACAGCNNCNNGCTGGACAGCAAGG
paired_positiveSel_Omicron_BA.2_oPool_fw_primers, CCTGGAACAGCNNGNNGCTGGACAGCAAGG
paired_positiveSel_Omicron_BA.2_oPool_fw_primers, CCTGGAACAGCNNGNNCCTGGACAGCAAGG
paired_positiveSel_Omicron_BA.2_oPool_fw_primers, ACCAGGCTGGCNNCNNCCCATGTAATGGAG
paired_positiveSel_Omicron_BA.2_oPool_fw_primers, ACCAGGCTGGCNNCNNGCCATGTAATGGAG
paired_positiveSel_Omicron_BA.2_oPool_fw_primers, ACCAGGCTGGCNNGNNGCCATGTAATGGAG
paired_positiveSel_Omicron_BA.2_oPool_fw_primers, ACCAGGCTGGCNNGNNCCCATGTAATGGAG
paired_positiveSel_Omicron_BA.2_oPool_fw_primers, TTCCACTCNNCTCCTATGGCTTCNNCCCAACCTACG
paired_positiveSel_Omicron_BA.2_oPool_fw_primers, TTCCACTCNNCTCCTATGGCTTCNNGCCAACCTACG
paired_positiveSel_Omicron_BA.2_oPool_fw_primers, TTCCACTCNNGTCCTATGGCTTCNNGCCAACCTACG
paired_positiveSel_Omicron_BA.2_oPool_fw_primers, TTCCACTCNNGTCCTATGGCTTCNNCCCAACCTACG
paired_positiveSel_Omicron_BA.2_oPool_fw_primers, ATGGCTTCNNCCCAACCNNCGGAGTGGGC
paired_positiveSel_Omicron_BA.2_oPool_fw_primers, ATGGCTTCNNCCCAACCNNGGGAGTGGGC
paired_positiveSel_Omicron_BA.2_oPool_fw_primers, ATGGCTTCNNGCCAACCNNGGGAGTGGGC
paired_positiveSel_Omicron_BA.2_oPool_fw_primers, ATGGCTTCNNGCCAACCNNCGGAGTGGGC
paired_positiveSel_Omicron_BA.2_oPool_fw_primers, CAGGGACATTNNCGACNNCACAGATGCTGT
paired_positiveSel_Omicron_BA.2_oPool_fw_primers, CAGGGACATTNNCGACNNGACAGATGCTGT
paired_positiveSel_Omicron_BA.2_oPool_fw_primers, CAGGGACATTNNGGACNNGACAGATGCTGT
paired_positiveSel_Omicron_BA.2_oPool_fw_primers, CAGGGACATTNNGGACNNCACAGATGCTGT
paired_positiveSel_Omicron_BA.2_oPool_fw_primers, TGGTTCCATNNCATCNNCGTGTCTGGCAC
paired_positiveSel_Omicron_BA.2_oPool_fw_primers, TGGTTCCATNNCATCNNGGTGTCTGGCAC
paired_positiveSel_Omicron_BA.2_oPool_fw_primers, TGGTTCCATNNGATCNNGGTGTCTGGCAC
paired_positiveSel_Omicron_BA.2_oPool_fw_primers, TGGTTCCATNNGATCNNCGTGTCTGGCAC
paired_positiveSel_Omicron_BA.2_oPool_fw_primers, GGTTCCATNNCATCCATNNCTCTGGCACC
paired_positiveSel_Omicron_BA.2_oPool_fw_primers, GGTTCCATNNCATCCATNNGTCTGGCACC
paired_positiveSel_Omicron_BA.2_oPool_fw_primers, GGTTCCATNNGATCCATNNGTCTGGCACC
paired_positiveSel_Omicron_BA.2_oPool_fw_primers, GGTTCCATNNGATCCATNNCTCTGGCACC
paired_positiveSel_Omicron_BA.2_oPool_fw_primers, GCTGTCTGATTGGANNCGAGNNCGTGAACAACTCCTAT
paired_positiveSel_Omicron_BA.2_oPool_fw_primers, GCTGTCTGATTGGANNCGAGNNGGTGAACAACTCCTAT
paired_positiveSel_Omicron_BA.2_oPool_fw_primers, GCTGTCTGATTGGANNGGAGNNGGTGAACAACTCCTAT
paired_positiveSel_Omicron_BA.2_oPool_fw_primers, GCTGTCTGATTGGANNGGAGNNCGTGAACAACTCCTAT
paired_positiveSel_Omicron_BA.2_oPool_fw_primers, TCCATGCCATCNNCNNCTCTGGCACCAATG
paired_positiveSel_Omicron_BA.2_oPool_fw_primers, TCCATGCCATCNNCNNGTCTGGCACCAATG
paired_positiveSel_Omicron_BA.2_oPool_fw_primers, TCCATGCCATCNNGNNGTCTGGCACCAATG
paired_positiveSel_Omicron_BA.2_oPool_fw_primers, TCCATGCCATCNNGNNCTCTGGCACCAATG
paired_positiveSel_Omicron_BA.2_oPool_fw_primers, CCTACCAGACCNNCNNCAAGAGCCACAGG
paired_positiveSel_Omicron_BA.2_oPool_fw_primers, CCTACCAGACCNNCNNGAAGAGCCACAGG
paired_positiveSel_Omicron_BA.2_oPool_fw_primers, CCTACCAGACCNNGNNGAAGAGCCACAGG
paired_positiveSel_Omicron_BA.2_oPool_fw_primers, CCTACCAGACCNNGNNCAAGAGCCACAGG
paired_positiveSel_Omicron_BA.2_oPool_fw_primers, ACCAGACCNNCACCNNCAGCCACAGGA
paired_positiveSel_Omicron_BA.2_oPool_fw_primers, ACCAGACCNNCACCNNGAGCCACAGGA
paired_positiveSel_Omicron_BA.2_oPool_fw_primers, ACCAGACCNNGACCNNGAGCCACAGGA
paired_positiveSel_Omicron_BA.2_oPool_fw_primers, ACCAGACCNNGACCNNCAGCCACAGGA
paired_positiveSel_Omicron_BA.2_oPool_fw_primers, CCAGACCCAGNNCNNCAGCCACAGGAGG
paired_positiveSel_Omicron_BA.2_oPool_fw_primers, CCAGACCCAGNNCNNGAGCCACAGGAGG
paired_positiveSel_Omicron_BA.2_oPool_fw_primers, CCAGACCCAGNNGNNGAGCCACAGGAGG
paired_positiveSel_Omicron_BA.2_oPool_fw_primers, CCAGACCCAGNNGNNCAGCCACAGGAGG
paired_positiveSel_Omicron_BA.2_oPool_fw_primers, AGACCCAGNNCAAGAGCNNCAGGAGGGCA
paired_positiveSel_Omicron_BA.2_oPool_fw_primers, AGACCCAGNNCAAGAGCNNGAGGAGGGCA
paired_positiveSel_Omicron_BA.2_oPool_fw_primers, AGACCCAGNNGAAGAGCNNGAGGAGGGCA
paired_positiveSel_Omicron_BA.2_oPool_fw_primers, AGACCCAGNNGAAGAGCNNCAGGAGGGCA
paired_positiveSel_Omicron_BA.2_oPool_fw_primers, CCCAGACCNNCAGCNNCAGGAGGGCA
paired_positiveSel_Omicron_BA.2_oPool_fw_primers, CCCAGACCNNCAGCNNGAGGAGGGCA
paired_positiveSel_Omicron_BA.2_oPool_fw_primers, CCCAGACCNNGAGCNNGAGGAGGGCA
paired_positiveSel_Omicron_BA.2_oPool_fw_primers, CCCAGACCNNGAGCNNCAGGAGGGCA
paired_positiveSel_Omicron_BA.2_oPool_fw_primers, CTGGCACCAATNNCNNCAAGAGGTTTGACA
paired_positiveSel_Omicron_BA.2_oPool_fw_primers, CTGGCACCAATNNCNNGAAGAGGTTTGACA
paired_positiveSel_Omicron_BA.2_oPool_fw_primers, CTGGCACCAATNNGNNGAAGAGGTTTGACA
paired_positiveSel_Omicron_BA.2_oPool_fw_primers, CTGGCACCAATNNGNNCAAGAGGTTTGACA
paired_positiveSel_Omicron_BA.2_oPool_fw_primers, GCTCTGACANNCATTNNCGTGGAACAGGA
paired_positiveSel_Omicron_BA.2_oPool_fw_primers, GCTCTGACANNCATTNNGGTGGAACAGGA
paired_positiveSel_Omicron_BA.2_oPool_fw_primers, GCTCTGACANNGATTNNGGTGGAACAGGA
paired_positiveSel_Omicron_BA.2_oPool_fw_primers, GCTCTGACANNGATTNNCGTGGAACAGGA
paired_positiveSel_Omicron_BA.2_oPool_fw_primers, TGGGAGACATTNNCNNCAGGGACCTGATT
paired_positiveSel_Omicron_BA.2_oPool_fw_primers, TGGGAGACATTNNCNNGAGGGACCTGATT
paired_positiveSel_Omicron_BA.2_oPool_fw_primers, TGGGAGACATTNNGNNGAGGGACCTGATT
paired_positiveSel_Omicron_BA.2_oPool_fw_primers, TGGGAGACATTNNGNNCAGGGACCTGATT
paired_positiveSel_Omicron_BA.2_oPool_fw_primers, CTTTGCCAGCNNCGAGAAGNNCAACATCATCAGG
paired_positiveSel_Omicron_BA.2_oPool_fw_primers, CTTTGCCAGCNNCGAGAAGNNGAACATCATCAGG
paired_positiveSel_Omicron_BA.2_oPool_fw_primers, CTTTGCCAGCNNGGAGAAGNNGAACATCATCAGG
paired_positiveSel_Omicron_BA.2_oPool_fw_primers, CTTTGCCAGCNNGGAGAAGNNCAACATCATCAGG
paired_positiveSel_Omicron_BA.2_oPool_fw_primers, AGATTCAGNNCTCCCTGNNCAGCACAGCC
paired_positiveSel_Omicron_BA.2_oPool_fw_primers, AGATTCAGNNCTCCCTGNNGAGCACAGCC
paired_positiveSel_Omicron_BA.2_oPool_fw_primers, AGATTCAGNNGTCCCTGNNGAGCACAGCC
paired_positiveSel_Omicron_BA.2_oPool_fw_primers, AGATTCAGNNGTCCCTGNNCAGCACAGCC
paired_positiveSel_Omicron_BA.2_oPool_fw_primers, AACTCCAANNCGTGGTGAACNNCAATGCCCAGG
paired_positiveSel_Omicron_BA.2_oPool_fw_primers, AACTCCAANNCGTGGTGAACNNGAATGCCCAGG
paired_positiveSel_Omicron_BA.2_oPool_fw_primers, AACTCCAANNGGTGGTGAACNNGAATGCCCAGG
paired_positiveSel_Omicron_BA.2_oPool_fw_primers, AACTCCAANNGGTGGTGAACNNCAATGCCCAGG
paired_positiveSel_Omicron_BA.2_oPool_rev_primers, CCAGACACAAAGGTGTTGNNGNNGGTGATAATCTGTGG
paired_positiveSel_Omicron_BA.2_oPool_rev_primers, CCAGACACAAAGGTGTTCNNGNNGGTGATAATCTGTGG
paired_positiveSel_Omicron_BA.2_oPool_rev_primers, CCAGACACAAAGGTGTTCNNCNNGGTGATAATCTGTGG
paired_positiveSel_Omicron_BA.2_oPool_rev_primers, CCAGACACAAAGGTGTTGNNCNNGGTGATAATCTGTGG
paired_positiveSel_Omicron_BA.2_oPool_rev_primers, TTCACACACTGGNNGNNCACCAGTGGC
paired_positiveSel_Omicron_BA.2_oPool_rev_primers, TTCACACACTGCNNGNNCACCAGTGGC
paired_positiveSel_Omicron_BA.2_oPool_rev_primers, TTCACACACTGCNNCNNCACCAGTGGC
paired_positiveSel_Omicron_BA.2_oPool_rev_primers, TTCACACACTGGNNCNNCACCAGTGGC
paired_positiveSel_Omicron_BA.2_oPool_rev_primers, GTGGTAGTAGACGNNCAGGAATGGGNNATTACAGAACT
paired_positiveSel_Omicron_BA.2_oPool_rev_primers, GTGGTAGTAGACCNNCAGGAATGGGNNATTACAGAACT
paired_positiveSel_Omicron_BA.2_oPool_rev_primers, GTGGTAGTAGACCNNCAGGAATGGCNNATTACAGAACT
paired_positiveSel_Omicron_BA.2_oPool_rev_primers, GTGGTAGTAGACGNNCAGGAATGGCNNATTACAGAACT
paired_positiveSel_Omicron_BA.2_oPool_rev_primers, CTTGTGGTAGNNGACGTCCAGGAATGGGNNATTACAGA
paired_positiveSel_Omicron_BA.2_oPool_rev_primers, CTTGTGGTACNNGACGTCCAGGAATGGGNNATTACAGA
paired_positiveSel_Omicron_BA.2_oPool_rev_primers, CTTGTGGTACNNGACGTCCAGGAATGGCNNATTACAGA
paired_positiveSel_Omicron_BA.2_oPool_rev_primers, CTTGTGGTAGNNGACGTCCAGGAATGGCNNATTACAGA
paired_positiveSel_Omicron_BA.2_oPool_rev_primers, TTGTTCTTGTGGTAGNNGACGNNCAGGAATGGGTCA
paired_positiveSel_Omicron_BA.2_oPool_rev_primers, TTGTTCTTGTGGTACNNGACGNNCAGGAATGGGTCA
paired_positiveSel_Omicron_BA.2_oPool_rev_primers, TTGTTCTTGTGGTACNNGACCNNCAGGAATGGGTCA
paired_positiveSel_Omicron_BA.2_oPool_rev_primers, TTGTTCTTGTGGTAGNNGACCNNCAGGAATGGGTCA
paired_positiveSel_Omicron_BA.2_oPool_rev_primers, CTTGCCCTCCAAGNNCATGNNGAATGGTTGG
paired_positiveSel_Omicron_BA.2_oPool_rev_primers, CTTGCCCTCCAACNNCATGNNGAATGGTTGG
paired_positiveSel_Omicron_BA.2_oPool_rev_primers, CTTGCCCTCCAACNNCATCNNGAATGGTTGG
paired_positiveSel_Omicron_BA.2_oPool_rev_primers, CTTGCCCTCCAAGNNCATCNNGAATGGTTGG
paired_positiveSel_Omicron_BA.2_oPool_rev_primers, CTTTGGGTCCTGGTGNNGNNGTTCACACACTGG
paired_positiveSel_Omicron_BA.2_oPool_rev_primers, CTTTGGGTCCTGGTCNNGNNGTTCACACACTGG
paired_positiveSel_Omicron_BA.2_oPool_rev_primers, CTTTGGGTCCTGGTCNNCNNGTTCACACACTGG
paired_positiveSel_Omicron_BA.2_oPool_rev_primers, CTTTGGGTCCTGGTGNNCNNGTTCACACACTGG
paired_positiveSel_Omicron_BA.2_oPool_rev_primers, CCTGTGGCAGGNNCCTGNNCAGGTTGA
paired_positiveSel_Omicron_BA.2_oPool_rev_primers, CCTGTGGCAGCNNCCTGNNCAGGTTGA
paired_positiveSel_Omicron_BA.2_oPool_rev_primers, CCTGTGGCAGCNNCCTCNNCAGGTTGA
paired_positiveSel_Omicron_BA.2_oPool_rev_primers, CCTGTGGCAGGNNCCTCNNCAGGTTGA
paired_positiveSel_Omicron_BA.2_oPool_rev_primers, GGTGAAGGAGTTGNNGTAGNNTTGGGTCCTGG
paired_positiveSel_Omicron_BA.2_oPool_rev_primers, GGTGAAGGAGTTCNNGTAGNNTTGGGTCCTGG
paired_positiveSel_Omicron_BA.2_oPool_rev_primers, GGTGAAGGAGTTCNNGTACNNTTGGGTCCTGG
paired_positiveSel_Omicron_BA.2_oPool_rev_primers, GGTGAAGGAGTTGNNGTACNNTTGGGTCCTGG
paired_positiveSel_Omicron_BA.2_oPool_rev_primers, CCAGCCAGAGGAGNNGNNTCCAGGTGTC
paired_positiveSel_Omicron_BA.2_oPool_rev_primers, CCAGCCAGAGGACNNGNNTCCAGGTGTC
paired_positiveSel_Omicron_BA.2_oPool_rev_primers, CCAGCCAGAGGACNNCNNTCCAGGTGTC
paired_positiveSel_Omicron_BA.2_oPool_rev_primers, CCAGCCAGAGGAGNNCNNTCCAGGTGTC
paired_positiveSel_Omicron_BA.2_oPool_rev_primers, TCCAGCCAGAGNNGGAGNNTCCAGGTGT
paired_positiveSel_Omicron_BA.2_oPool_rev_primers, TCCAGCCAGACNNGGAGNNTCCAGGTGT
paired_positiveSel_Omicron_BA.2_oPool_rev_primers, TCCAGCCAGACNNGGACNNTCCAGGTGT
paired_positiveSel_Omicron_BA.2_oPool_rev_primers, TCCAGCCAGAGNNGGACNNTCCAGGTGT
paired_positiveSel_Omicron_BA.2_oPool_rev_primers, TGTCCAGCCAGAGNNGNNGTCTCCAGGT
paired_positiveSel_Omicron_BA.2_oPool_rev_primers, TGTCCAGCCAGACNNGNNGTCTCCAGGT
paired_positiveSel_Omicron_BA.2_oPool_rev_primers, TGTCCAGCCAGACNNCNNGTCTCCAGGT
paired_positiveSel_Omicron_BA.2_oPool_rev_primers, TGTCCAGCCAGAGNNCNNGTCTCCAGGT
paired_positiveSel_Omicron_BA.2_oPool_rev_primers, TGCTGTCCAGNNAGAGGAGNNGTCTCCAG
paired_positiveSel_Omicron_BA.2_oPool_rev_primers, TGCTGTCCACNNAGAGGAGNNGTCTCCAG
paired_positiveSel_Omicron_BA.2_oPool_rev_primers, TGCTGTCCACNNAGAGGACNNGTCTCCAG
paired_positiveSel_Omicron_BA.2_oPool_rev_primers, TGCTGTCCAGNNAGAGGACNNGTCTCCAG
paired_positiveSel_Omicron_BA.2_oPool_rev_primers, CTGCTGTCCAGNNAGAGNNGGAGTCTCC
paired_positiveSel_Omicron_BA.2_oPool_rev_primers, CTGCTGTCCACNNAGAGNNGGAGTCTCC
paired_positiveSel_Omicron_BA.2_oPool_rev_primers, CTGCTGTCCACNNAGACNNGGAGTCTCC
paired_positiveSel_Omicron_BA.2_oPool_rev_primers, CTGCTGTCCAGNNAGACNNGGAGTCTCC
paired_positiveSel_Omicron_BA.2_oPool_rev_primers, ATAGTAGGCTGCGNNGNNTGCTGTCCAGC
paired_positiveSel_Omicron_BA.2_oPool_rev_primers, ATAGTAGGCTGCCNNGNNTGCTGTCCAGC
paired_positiveSel_Omicron_BA.2_oPool_rev_primers, ATAGTAGGCTGCCNNCNNTGCTGTCCAGC
paired_positiveSel_Omicron_BA.2_oPool_rev_primers, ATAGTAGGCTGCGNNCNNTGCTGTCCAGC
paired_positiveSel_Omicron_BA.2_oPool_rev_primers, AAGGCGAAGAAGNNGGCGNNGTTGTAGAGC
paired_positiveSel_Omicron_BA.2_oPool_rev_primers, AAGGCGAAGAACNNGGCGNNGTTGTAGAGC
paired_positiveSel_Omicron_BA.2_oPool_rev_primers, AAGGCGAAGAACNNGGCCNNGTTGTAGAGC
paired_positiveSel_Omicron_BA.2_oPool_rev_primers, AAGGCGAAGAAGNNGGCCNNGTTGTAGAGC
paired_positiveSel_Omicron_BA.2_oPool_rev_primers, CACTTGAAGGCGNNGAAGNNGGCGAAGTT
paired_positiveSel_Omicron_BA.2_oPool_rev_primers, CACTTGAAGGCCNNGAAGNNGGCGAAGTT
paired_positiveSel_Omicron_BA.2_oPool_rev_primers, CACTTGAAGGCCNNGAACNNGGCGAAGTT
paired_positiveSel_Omicron_BA.2_oPool_rev_primers, CACTTGAAGGCGNNGAACNNGGCGAAGTT
paired_positiveSel_Omicron_BA.2_oPool_rev_primers, ACACTTGAAGNNGAAGAAGNNGGCGAAGT
paired_positiveSel_Omicron_BA.2_oPool_rev_primers, ACACTTGAACNNGAAGAAGNNGGCGAAGT
paired_positiveSel_Omicron_BA.2_oPool_rev_primers, ACACTTGAACNNGAAGAACNNGGCGAAGT
paired_positiveSel_Omicron_BA.2_oPool_rev_primers, ACACTTGAAGNNGAAGAACNNGGCGAAGT
paired_positiveSel_Omicron_BA.2_oPool_rev_primers, CCATAACACTTGAAGNNGNNGAAGGGGGCGAA
paired_positiveSel_Omicron_BA.2_oPool_rev_primers, CCATAACACTTGAACNNGNNGAAGGGGGCGAA
paired_positiveSel_Omicron_BA.2_oPool_rev_primers, CCATAACACTTGAACNNCNNGAAGGGGGCGAA
paired_positiveSel_Omicron_BA.2_oPool_rev_primers, CCATAACACTTGAAGNNCNNGAAGGGGGCGAA
paired_positiveSel_Omicron_BA.2_oPool_rev_primers, GGGCAATCTGGNNCACCTCGNNTCCCCTAA
paired_positiveSel_Omicron_BA.2_oPool_rev_primers, GGGCAATCTGCNNCACCTCGNNTCCCCTAA
paired_positiveSel_Omicron_BA.2_oPool_rev_primers, GGGCAATCTGCNNCACCTCCNNTCCCCTAA
paired_positiveSel_Omicron_BA.2_oPool_rev_primers, GGGCAATCTGGNNCACCTCCNNTCCCCTAA
paired_positiveSel_Omicron_BA.2_oPool_rev_primers, CCTTGCTGTCCAGGNNGNNGCTGTTCCAGG
paired_positiveSel_Omicron_BA.2_oPool_rev_primers, CCTTGCTGTCCAGCNNGNNGCTGTTCCAGG
paired_positiveSel_Omicron_BA.2_oPool_rev_primers, CCTTGCTGTCCAGCNNCNNGCTGTTCCAGG
paired_positiveSel_Omicron_BA.2_oPool_rev_primers, CCTTGCTGTCCAGGNNCNNGCTGTTCCAGG
paired_positiveSel_Omicron_BA.2_oPool_rev_primers, CTCCATTACATGGGNNGNNGCCAGCCTGGT
paired_positiveSel_Omicron_BA.2_oPool_rev_primers, CTCCATTACATGGCNNGNNGCCAGCCTGGT
paired_positiveSel_Omicron_BA.2_oPool_rev_primers, CTCCATTACATGGCNNCNNGCCAGCCTGGT
paired_positiveSel_Omicron_BA.2_oPool_rev_primers, CTCCATTACATGGGNNCNNGCCAGCCTGGT
paired_positiveSel_Omicron_BA.2_oPool_rev_primers, CGTAGGTTGGGNNGAAGCCATAGGAGNNGAGTGGAA
paired_positiveSel_Omicron_BA.2_oPool_rev_primers, CGTAGGTTGGCNNGAAGCCATAGGAGNNGAGTGGAA
paired_positiveSel_Omicron_BA.2_oPool_rev_primers, CGTAGGTTGGCNNGAAGCCATAGGACNNGAGTGGAA
paired_positiveSel_Omicron_BA.2_oPool_rev_primers, CGTAGGTTGGGNNGAAGCCATAGGACNNGAGTGGAA
paired_positiveSel_Omicron_BA.2_oPool_rev_primers, GCCCACTCCGNNGGTTGGGNNGAAGCCAT
paired_positiveSel_Omicron_BA.2_oPool_rev_primers, GCCCACTCCCNNGGTTGGGNNGAAGCCAT
paired_positiveSel_Omicron_BA.2_oPool_rev_primers, GCCCACTCCCNNGGTTGGCNNGAAGCCAT
paired_positiveSel_Omicron_BA.2_oPool_rev_primers, GCCCACTCCGNNGGTTGGCNNGAAGCCAT
paired_positiveSel_Omicron_BA.2_oPool_rev_primers, ACAGCATCTGTGNNGTCGNNAATGTCCCTG
paired_positiveSel_Omicron_BA.2_oPool_rev_primers, ACAGCATCTGTCNNGTCGNNAATGTCCCTG
paired_positiveSel_Omicron_BA.2_oPool_rev_primers, ACAGCATCTGTCNNGTCCNNAATGTCCCTG
paired_positiveSel_Omicron_BA.2_oPool_rev_primers, ACAGCATCTGTGNNGTCCNNAATGTCCCTG
paired_positiveSel_Omicron_BA.2_oPool_rev_primers, GTGCCAGACACGNNGATGNNATGGAACCA
paired_positiveSel_Omicron_BA.2_oPool_rev_primers, GTGCCAGACACCNNGATGNNATGGAACCA
paired_positiveSel_Omicron_BA.2_oPool_rev_primers, GTGCCAGACACCNNGATCNNATGGAACCA
paired_positiveSel_Omicron_BA.2_oPool_rev_primers, GTGCCAGACACGNNGATCNNATGGAACCA
paired_positiveSel_Omicron_BA.2_oPool_rev_primers, GGTGCCAGAGNNATGGATGNNATGGAACC
paired_positiveSel_Omicron_BA.2_oPool_rev_primers, GGTGCCAGACNNATGGATGNNATGGAACC
paired_positiveSel_Omicron_BA.2_oPool_rev_primers, GGTGCCAGACNNATGGATCNNATGGAACC
paired_positiveSel_Omicron_BA.2_oPool_rev_primers, GGTGCCAGAGNNATGGATCNNATGGAACC
paired_positiveSel_Omicron_BA.2_oPool_rev_primers, ATAGGAGTTGTTCACGNNCTCGNNTCCAATCAGACAGC
paired_positiveSel_Omicron_BA.2_oPool_rev_primers, ATAGGAGTTGTTCACCNNCTCGNNTCCAATCAGACAGC
paired_positiveSel_Omicron_BA.2_oPool_rev_primers, ATAGGAGTTGTTCACCNNCTCCNNTCCAATCAGACAGC
paired_positiveSel_Omicron_BA.2_oPool_rev_primers, ATAGGAGTTGTTCACGNNCTCCNNTCCAATCAGACAGC
paired_positiveSel_Omicron_BA.2_oPool_rev_primers, CATTGGTGCCAGAGNNGNNGATGGCATGGA
paired_positiveSel_Omicron_BA.2_oPool_rev_primers, CATTGGTGCCAGACNNGNNGATGGCATGGA
paired_positiveSel_Omicron_BA.2_oPool_rev_primers, CATTGGTGCCAGACNNCNNGATGGCATGGA
paired_positiveSel_Omicron_BA.2_oPool_rev_primers, CATTGGTGCCAGAGNNCNNGATGGCATGGA
paired_positiveSel_Omicron_BA.2_oPool_rev_primers, CCTGTGGCTCTTGNNGNNGGTCTGGTAGG
paired_positiveSel_Omicron_BA.2_oPool_rev_primers, CCTGTGGCTCTTCNNGNNGGTCTGGTAGG
paired_positiveSel_Omicron_BA.2_oPool_rev_primers, CCTGTGGCTCTTCNNCNNGGTCTGGTAGG
paired_positiveSel_Omicron_BA.2_oPool_rev_primers, CCTGTGGCTCTTGNNCNNGGTCTGGTAGG
paired_positiveSel_Omicron_BA.2_oPool_rev_primers, TCCTGTGGCTGNNGGTGNNGGTCTGGT
paired_positiveSel_Omicron_BA.2_oPool_rev_primers, TCCTGTGGCTCNNGGTGNNGGTCTGGT
paired_positiveSel_Omicron_BA.2_oPool_rev_primers, TCCTGTGGCTCNNGGTCNNGGTCTGGT
paired_positiveSel_Omicron_BA.2_oPool_rev_primers, TCCTGTGGCTGNNGGTCNNGGTCTGGT
paired_positiveSel_Omicron_BA.2_oPool_rev_primers, CCTCCTGTGGCTGNNGNNCTGGGTCTGG
paired_positiveSel_Omicron_BA.2_oPool_rev_primers, CCTCCTGTGGCTCNNGNNCTGGGTCTGG
paired_positiveSel_Omicron_BA.2_oPool_rev_primers, CCTCCTGTGGCTCNNCNNCTGGGTCTGG
paired_positiveSel_Omicron_BA.2_oPool_rev_primers, CCTCCTGTGGCTGNNCNNCTGGGTCTGG
paired_positiveSel_Omicron_BA.2_oPool_rev_primers, TGCCCTCCTGNNGCTCTTGNNCTGGGTCT
paired_positiveSel_Omicron_BA.2_oPool_rev_primers, TGCCCTCCTCNNGCTCTTGNNCTGGGTCT
paired_positiveSel_Omicron_BA.2_oPool_rev_primers, TGCCCTCCTCNNGCTCTTCNNCTGGGTCT
paired_positiveSel_Omicron_BA.2_oPool_rev_primers, TGCCCTCCTGNNGCTCTTCNNCTGGGTCT
paired_positiveSel_Omicron_BA.2_oPool_rev_primers, TGCCCTCCTGNNGCTGNNGGTCTGGG
paired_positiveSel_Omicron_BA.2_oPool_rev_primers, TGCCCTCCTCNNGCTGNNGGTCTGGG
paired_positiveSel_Omicron_BA.2_oPool_rev_primers, TGCCCTCCTCNNGCTCNNGGTCTGGG
paired_positiveSel_Omicron_BA.2_oPool_rev_primers, TGCCCTCCTGNNGCTCNNGGTCTGGG
paired_positiveSel_Omicron_BA.2_oPool_rev_primers, TGTCAAACCTCTTGNNGNNATTGGTGCCAG
paired_positiveSel_Omicron_BA.2_oPool_rev_primers, TGTCAAACCTCTTCNNGNNATTGGTGCCAG
paired_positiveSel_Omicron_BA.2_oPool_rev_primers, TGTCAAACCTCTTCNNCNNATTGGTGCCAG
paired_positiveSel_Omicron_BA.2_oPool_rev_primers, TGTCAAACCTCTTGNNCNNATTGGTGCCAG
paired_positiveSel_Omicron_BA.2_oPool_rev_primers, TCCTGTTCCACGNNAATGNNTGTCAGAGC
paired_positiveSel_Omicron_BA.2_oPool_rev_primers, TCCTGTTCCACCNNAATGNNTGTCAGAGC
paired_positiveSel_Omicron_BA.2_oPool_rev_primers, TCCTGTTCCACCNNAATCNNTGTCAGAGC
paired_positiveSel_Omicron_BA.2_oPool_rev_primers, TCCTGTTCCACGNNAATCNNTGTCAGAGC
paired_positiveSel_Omicron_BA.2_oPool_rev_primers, AATCAGGTCCCTGNNGNNAATGTCTCCCA
paired_positiveSel_Omicron_BA.2_oPool_rev_primers, AATCAGGTCCCTCNNGNNAATGTCTCCCA
paired_positiveSel_Omicron_BA.2_oPool_rev_primers, AATCAGGTCCCTCNNCNNAATGTCTCCCA
paired_positiveSel_Omicron_BA.2_oPool_rev_primers, AATCAGGTCCCTGNNCNNAATGTCTCCCA
paired_positiveSel_Omicron_BA.2_oPool_rev_primers, CCTGATGATGTTGNNCTTCTCGNNGCTGGCAAAG
paired_positiveSel_Omicron_BA.2_oPool_rev_primers, CCTGATGATGTTCNNCTTCTCGNNGCTGGCAAAG
paired_positiveSel_Omicron_BA.2_oPool_rev_primers, CCTGATGATGTTCNNCTTCTCCNNGCTGGCAAAG
paired_positiveSel_Omicron_BA.2_oPool_rev_primers, CCTGATGATGTTGNNCTTCTCCNNGCTGGCAAAG
paired_positiveSel_Omicron_BA.2_oPool_rev_primers, GGCTGTGCTGNNCAGGGAGNNCTGAATCT
paired_positiveSel_Omicron_BA.2_oPool_rev_primers, GGCTGTGCTCNNCAGGGAGNNCTGAATCT
paired_positiveSel_Omicron_BA.2_oPool_rev_primers, GGCTGTGCTCNNCAGGGACNNCTGAATCT
paired_positiveSel_Omicron_BA.2_oPool_rev_primers, GGCTGTGCTGNNCAGGGACNNCTGAATCT
paired_positiveSel_Omicron_BA.2_oPool_rev_primers, CCTGGGCATTGNNGTTCACCACGNNTTGGAGTT
paired_positiveSel_Omicron_BA.2_oPool_rev_primers, CCTGGGCATTCNNGTTCACCACGNNTTGGAGTT
paired_positiveSel_Omicron_BA.2_oPool_rev_primers, CCTGGGCATTCNNGTTCACCACCNNTTGGAGTT
paired_positiveSel_Omicron_BA.2_oPool_rev_primers, CCTGGGCATTGNNGTTCACCACCNNTTGGAGTT
paired_positiveSel_Omicron_BA.2_oPool_fw_primers,GGAACAGCAACNNGCTGGACAGCAAGGTGNNGGGCAACTACAACTACC
paired_positiveSel_Omicron_BA.2_oPool_fw_primers,GGAACAGCAACNNCCTGGACAGCAAGGTGNNCGGCAACTACAACTACC
paired_positiveSel_Omicron_BA.2_oPool_fw_primers,GGAACAGCAACNNCCTGGACAGCAAGGTGNNGGGCAACTACAACTACC
paired_positiveSel_Omicron_BA.2_oPool_fw_primers,GGAACAGCAACNNGCTGGACAGCAAGGTGNNCGGCAACTACAACTACC
paired_positiveSel_Omicron_BA.2_oPool_rev_primers,GGTAGTTGTAGTTGCCCNNCACCTTGCTGTCCAGCNNGTTGCTGTTCC
paired_positiveSel_Omicron_BA.2_oPool_rev_primers,GGTAGTTGTAGTTGCCGNNCACCTTGCTGTCCAGGNNGTTGCTGTTCC
paired_positiveSel_Omicron_BA.2_oPool_rev_primers,GGTAGTTGTAGTTGCCCNNCACCTTGCTGTCCAGGNNGTTGCTGTTCC
paired_positiveSel_Omicron_BA.2_oPool_rev_primers,GGTAGTTGTAGTTGCCGNNCACCTTGCTGTCCAGCNNGTTGCTGTTCC
paired_positiveSel_Omicron_BA.2_oPool_fw_primers,CTTTCCACTCNNGTCCTATNNGTTCAGACCAACC
paired_positiveSel_Omicron_BA.2_oPool_fw_primers,CTTTCCACTCNNCTCCTATNNCTTCAGACCAACC
paired_positiveSel_Omicron_BA.2_oPool_fw_primers,CTTTCCACTCNNGTCCTATNNCTTCAGACCAACC
paired_positiveSel_Omicron_BA.2_oPool_fw_primers,CTTTCCACTCNNCTCCTATNNGTTCAGACCAACC
paired_positiveSel_Omicron_BA.2_oPool_rev_primers,GGTTGGTCTGAACNNATAGGACNNGAGTGGAAAG
paired_positiveSel_Omicron_BA.2_oPool_rev_primers,GGTTGGTCTGAAGNNATAGGAGNNGAGTGGAAAG
paired_positiveSel_Omicron_BA.2_oPool_rev_primers,GGTTGGTCTGAACNNATAGGAGNNGAGTGGAAAG
paired_positiveSel_Omicron_BA.2_oPool_rev_primers,GGTTGGTCTGAAGNNATAGGACNNGAGTGGAAAG
paired_positiveSel_Omicron_BA.2_oPool_fw_primers,CCACTCAGATCCTATNNGTTCNNGCCAACC
paired_positiveSel_Omicron_BA.2_oPool_fw_primers,CCACTCAGATCCTATNNCTTCNNCCCAACC
paired_positiveSel_Omicron_BA.2_oPool_fw_primers,CCACTCAGATCCTATNNCTTCNNGCCAACC
paired_positiveSel_Omicron_BA.2_oPool_fw_primers,CCACTCAGATCCTATNNGTTCNNCCCAACC
paired_positiveSel_Omicron_BA.2_oPool_rev_primers,GGTTGGCNNGAACNNATAGGATCTGAGTGG
paired_positiveSel_Omicron_BA.2_oPool_rev_primers,GGTTGGGNNGAAGNNATAGGATCTGAGTGG
paired_positiveSel_Omicron_BA.2_oPool_rev_primers,GGTTGGGNNGAACNNATAGGATCTGAGTGG
paired_positiveSel_Omicron_BA.2_oPool_rev_primers,GGTTGGCNNGAAGNNATAGGATCTGAGTGG
paired_positiveSel_Omicron_BA.2_oPool_fw_primers,AGATCCTATNNGTTCAGACCAACCNNGGGAGTGGG
paired_positiveSel_Omicron_BA.2_oPool_fw_primers,AGATCCTATNNCTTCAGACCAACCNNCGGAGTGGG
paired_positiveSel_Omicron_BA.2_oPool_fw_primers,AGATCCTATNNCTTCAGACCAACCNNGGGAGTGGG
paired_positiveSel_Omicron_BA.2_oPool_fw_primers,AGATCCTATNNGTTCAGACCAACCNNCGGAGTGGG
paired_positiveSel_Omicron_BA.2_oPool_rev_primers,CCCACTCCCNNGGTTGGTCTGAACNNATAGGATCT
paired_positiveSel_Omicron_BA.2_oPool_rev_primers,CCCACTCCGNNGGTTGGTCTGAAGNNATAGGATCT
paired_positiveSel_Omicron_BA.2_oPool_rev_primers,CCCACTCCCNNGGTTGGTCTGAAGNNATAGGATCT
paired_positiveSel_Omicron_BA.2_oPool_rev_primers,CCCACTCCGNNGGTTGGTCTGAACNNATAGGATCT
