NNG_for_G446S,ACAGCAAGGTGNNGGGCAACTACAAC
NNC_for_G446S,ACAGCAAGGTGNNCGGCAACTACAAC
NNG_rev_G446S,GTTGTAGTTGCCCNNCACCTTGCTGT
NNC_rev_G446S,GTTGTAGTTGCCGNNCACCTTGCTGT
NNG_for_G496S,CACTCAGATCCTATNNGTTCAGACCAACC
NNC_for_G496S,CACTCAGATCCTATNNCTTCAGACCAACC
NNG_rev_G496S,GGTTGGTCTGAACNNATAGGATCTGAGTG
NNC_rev_G496S,GGTTGGTCTGAAGNNATAGGATCTGAGTG
NNG_for_T547K,CAATGGACTGNNGGGCACAGGAGTGC
NNC_for_T547K,CAATGGACTGNNCGGCACAGGAGTGC
NNG_rev_T547K,GCACTCCTGTGCCCNNCAGTCCATTG
NNC_rev_T547K,GCACTCCTGTGCCGNNCAGTCCATTG
NNG_for_N856K,GTGCCCAGAAGTTCNNGGGACTGACAGTGCTGCCTCC
NNC_for_N856K,GTGCCCAGAAGTTCNNCGGACTGACAGTGCTGCCTCC
NNG_rev_N856K,GGAGGCAGCACTGTCAGTCCCNNGAACTTCTGGGCAC
NNC_rev_N856K,GGAGGCAGCACTGTCAGTCCGNNGAACTTCTGGGCAC
NNG_for_A67V,TGCCATCCATNNGTCTGGCACCAATGG
NNC_for_A67V,TGCCATCCATNNCTCTGGCACCAATGG
NNG_rev_A67V,CCATTGGTGCCAGACNNATGGATGGCA
NNC_rev_A67V,CCATTGGTGCCAGAGNNATGGATGGCA
NNG_for_T95I,ACTTTGCCAGCNNGGAGAAGAGCAACATCATCAGG
NNC_for_T95I,ACTTTGCCAGCNNCGAGAAGAGCAACATCATCAGG
NNG_rev_T95I,CCTGATGATGTTGCTCTTCTCCNNGCTGGCAAAGT
NNC_rev_T95I,CCTGATGATGTTGCTCTTCTCGNNGCTGGCAAAGT