paired-for-NNG_NNG_mut440_446,GGAACAGCAACNNGCTGGACAGCAAGGTGNNGGGCAACTACAACTACC
paired-for-NNC_NNC_mut440_446,GGAACAGCAACNNCCTGGACAGCAAGGTGNNCGGCAACTACAACTACC
paired-for-NNG_NNC_mut440_446,GGAACAGCAACNNCCTGGACAGCAAGGTGNNGGGCAACTACAACTACC
paired-for-NNC_NNG_mut440_446,GGAACAGCAACNNGCTGGACAGCAAGGTGNNCGGCAACTACAACTACC
paired-rev-NNG_NNG_mut440_446,GGTAGTTGTAGTTGCCCNNCACCTTGCTGTCCAGCNNGTTGCTGTTCC
paired-rev-NNC_NNC_mut440_446,GGTAGTTGTAGTTGCCGNNCACCTTGCTGTCCAGGNNGTTGCTGTTCC
paired-rev-NNG_NNC_mut440_446,GGTAGTTGTAGTTGCCCNNCACCTTGCTGTCCAGGNNGTTGCTGTTCC
paired-rev-NNC_NNG_mut440_446,GGTAGTTGTAGTTGCCGNNCACCTTGCTGTCCAGCNNGTTGCTGTTCC
paired-for-NNG_NNG_mut493_496,CTTTCCACTCNNGTCCTATNNGTTCAGACCAACC
paired-for-NNC_NNC_mut493_496,CTTTCCACTCNNCTCCTATNNCTTCAGACCAACC
paired-for-NNG_NNC_mut493_496,CTTTCCACTCNNGTCCTATNNCTTCAGACCAACC
paired-for-NNC_NNG_mut493_496,CTTTCCACTCNNCTCCTATNNGTTCAGACCAACC
paired-rev-NNG_NNG_mut493_496,GGTTGGTCTGAACNNATAGGACNNGAGTGGAAAG
paired-rev-NNC_NNC_mut493_496,GGTTGGTCTGAAGNNATAGGAGNNGAGTGGAAAG
paired-rev-NNG_NNC_mut493_496,GGTTGGTCTGAACNNATAGGAGNNGAGTGGAAAG
paired-rev-NNC_NNG_mut493_496,GGTTGGTCTGAAGNNATAGGACNNGAGTGGAAAG
paired-for-NNG_NNG_mut496_498,CCACTCAGATCCTATNNGTTCNNGCCAACC
paired-for-NNC_NNC_mut496_498,CCACTCAGATCCTATNNCTTCNNCCCAACC
paired-for-NNG_NNC_mut496_498,CCACTCAGATCCTATNNCTTCNNGCCAACC
paired-for-NNC_NNG_mut496_498,CCACTCAGATCCTATNNGTTCNNCCCAACC
paired-rev-NNG_NNG_mut496_498,GGTTGGCNNGAACNNATAGGATCTGAGTGG
paired-rev-NNC_NNC_mut496_498,GGTTGGGNNGAAGNNATAGGATCTGAGTGG
paired-rev-NNG_NNC_mut496_498,GGTTGGGNNGAACNNATAGGATCTGAGTGG
paired-rev-NNC_NNG_mut496_498,GGTTGGCNNGAAGNNATAGGATCTGAGTGG
paired-for-NNG_NNG_mut496_501,AGATCCTATNNGTTCAGACCAACCNNGGGAGTGGG
paired-for-NNC_NNC_mut496_501,AGATCCTATNNCTTCAGACCAACCNNCGGAGTGGG
paired-for-NNG_NNC_mut496_501,AGATCCTATNNCTTCAGACCAACCNNGGGAGTGGG
paired-for-NNC_NNG_mut496_501,AGATCCTATNNGTTCAGACCAACCNNCGGAGTGGG
paired-rev-NNG_NNG_mut496_501,CCCACTCCCNNGGTTGGTCTGAACNNATAGGATCT
paired-rev-NNC_NNC_mut496_501,CCCACTCCGNNGGTTGGTCTGAAGNNATAGGATCT
paired-rev-NNG_NNC_mut496_501,CCCACTCCCNNGGTTGGTCTGAAGNNATAGGATCT
paired-rev-NNC_NNG_mut496_501,CCCACTCCGNNGGTTGGTCTGAACNNATAGGATCT